,Date,Open,High,Low,Close,Adj Close,Volume
2020-01-02,2020-01-02,62.119999,65.209999,62.080002,65.209999,65.209999,155900
2020-01-03,2020-01-03,63.0,64.747002,62.651001,63.32,63.32,190100
2020-01-06,2020-01-06,61.389999,65.904999,61.240002,65.879997,65.879997,175300
2020-01-07,2020-01-07,66.800003,68.074997,65.660004,67.279999,67.279999,206300
2020-01-08,2020-01-08,67.309998,71.209999,67.110001,69.900002,69.900002,242700
2020-01-09,2020-01-09,72.75,72.82,70.099998,71.559998,71.559998,233400
2020-01-10,2020-01-10,72.309998,72.779999,70.769997,71.470001,71.470001,189300
2020-01-13,2020-01-13,74.169998,76.360001,73.011002,76.360001,76.360001,249700
2020-01-14,2020-01-14,77.099998,77.477997,73.925003,74.800003,74.800003,318500
2020-01-15,2020-01-15,74.510002,75.847,73.25,73.970001,73.970001,215600
2020-01-16,2020-01-16,74.5,75.07,73.010002,75.07,75.07,162300
2020-01-17,2020-01-17,75.650002,76.0,74.449997,75.885002,75.885002,144700
2020-01-21,2020-01-21,75.139999,76.809998,75.0,76.739998,76.739998,155000
2020-01-22,2020-01-22,78.440002,79.320999,76.230003,76.955002,76.955002,203200
2020-01-23,2020-01-23,75.839996,78.480003,74.800003,78.209999,78.209999,147600
2020-01-24,2020-01-24,78.900002,79.120003,73.459999,75.32,75.32,341000
2020-01-27,2020-01-27,67.199997,71.0,66.57,69.769997,69.769997,336200
2020-01-28,2020-01-28,72.0,74.177002,70.920998,73.690002,73.690002,205800
2020-01-29,2020-01-29,75.330002,76.25,73.330002,75.089996,75.089996,163700
2020-01-30,2020-01-30,73.440002,76.519997,73.0,76.519997,76.519997,188300
2020-01-31,2020-01-31,77.32,77.582001,73.309998,74.43,74.43,152900
2020-02-03,2020-02-03,77.269997,85.344002,77.050003,85.169998,85.169998,273000
2020-02-04,2020-02-04,94.519997,100.109001,90.190002,95.099998,95.099998,398500
2020-02-05,2020-02-05,95.75,95.75,83.489998,86.220001,86.220001,550300
2020-02-06,2020-02-06,87.330002,94.949997,86.792999,92.07,92.07,211600
2020-02-07,2020-02-07,89.199997,91.345001,88.610001,90.050003,90.050003,133000
2020-02-10,2020-02-10,91.690002,93.910004,90.724998,93.029999,93.029999,188300
2020-02-11,2020-02-11,95.0,96.900002,92.807999,94.139999,94.139999,188800
2020-02-12,2020-02-12,96.330002,98.699997,96.297997,98.150002,98.150002,195100
2020-02-13,2020-02-13,94.25,101.400002,93.769997,99.699997,99.699997,209100
2020-02-14,2020-02-14,100.610001,102.709999,99.839996,100.790001,100.790001,188800
2020-02-18,2020-02-18,101.25,106.93,101.120003,106.93,106.93,241700
2020-02-19,2020-02-19,112.389999,115.400002,110.662003,114.099998,114.099998,307400
2020-02-20,2020-02-20,113.0,113.980003,103.375,110.169998,110.169998,469100
2020-02-21,2020-02-21,108.860001,109.0,101.410004,103.550003,103.550003,320100
2020-02-24,2020-02-24,86.5,91.989998,84.389999,87.799004,87.799004,638500
2020-02-25,2020-02-25,91.050003,91.879997,79.599998,81.0,81.0,684000
2020-02-26,2020-02-26,80.75,87.0,80.07,82.0,82.0,578800
2020-02-27,2020-02-27,73.309998,78.355003,67.720001,68.260002,68.260002,766000
2020-02-28,2020-02-28,59.240002,70.419998,59.080002,70.0,70.0,680200
2020-03-02,2020-03-02,76.309998,80.150002,70.400002,80.150002,80.150002,703900
2020-03-03,2020-03-03,84.599998,85.419998,70.550003,73.849998,73.849998,1011600
2020-03-04,2020-03-04,78.459999,81.239998,75.160004,80.57,80.57,375100
2020-03-05,2020-03-05,75.339996,79.734001,72.359001,73.800003,73.800003,330100
2020-03-06,2020-03-06,66.25,69.669998,63.501999,68.169998,68.169998,471400
2020-03-09,2020-03-09,51.0,61.59,50.0,53.75,53.75,603700
2020-03-10,2020-03-10,61.470001,62.709999,55.119999,62.709999,62.709999,583900
2020-03-11,2020-03-11,58.689999,59.91,51.905998,54.799999,54.799999,439700
2020-03-12,2020-03-12,42.869999,47.830002,38.16,38.779999,38.779999,871600
2020-03-13,2020-03-13,46.450001,46.450001,36.685001,43.959999,43.959999,740100
2020-03-16,2020-03-16,31.98,37.457001,30.502001,32.009998,32.009998,522500
2020-03-17,2020-03-17,32.0,33.32,25.190001,30.0,30.0,867200
2020-03-18,2020-03-18,25.01,29.056,23.01,26.5,26.5,667300
2020-03-19,2020-03-19,26.5,33.25,25.139999,30.26,30.26,1225600
2020-03-20,2020-03-20,33.5,34.700001,28.370001,28.5,28.5,1033500
2020-03-23,2020-03-23,29.0,30.950001,26.59,30.1,30.1,610400
2020-03-24,2020-03-24,34.990002,37.150002,33.810001,36.599998,36.599998,806400
2020-03-25,2020-03-25,38.599998,40.75,34.900002,36.255001,36.255001,636500
2020-03-26,2020-03-26,37.150002,40.209999,37.150002,39.5,39.5,548800
2020-03-27,2020-03-27,37.0,39.16,35.400002,36.389999,36.389999,353800
2020-03-30,2020-03-30,37.450001,39.18,35.821999,38.860001,38.860001,319500
2020-03-31,2020-03-31,39.220001,42.779999,38.5,39.814999,39.814999,610800
2020-04-01,2020-04-01,36.799999,37.990002,33.669998,34.009998,34.009998,474500
2020-04-02,2020-04-02,34.005001,35.810001,32.5,34.07,34.07,436300
2020-04-03,2020-04-03,36.259998,36.279999,32.071999,33.450001,33.450001,345800
2020-04-06,2020-04-06,37.060001,40.549999,36.279999,40.169998,40.169998,601600
2020-04-07,2020-04-07,43.84,44.5,40.5,40.849998,40.849998,567800
2020-04-08,2020-04-08,42.0,42.980999,40.450001,42.610001,42.610001,362200
2020-04-09,2020-04-09,44.09,45.240002,41.950001,43.549999,43.549999,400200
2020-04-13,2020-04-13,43.900002,48.77,43.279999,48.540001,48.540001,369700
2020-04-14,2020-04-14,52.77,57.389999,51.900002,55.560001,55.560001,843600
2020-04-15,2020-04-15,53.990002,57.900002,53.5,56.810001,56.810001,544600
2020-04-16,2020-04-16,58.0,61.248001,56.400002,59.84,59.84,849600
2020-04-17,2020-04-17,61.459999,61.59,57.080002,58.790001,58.790001,691800
2020-04-20,2020-04-20,57.73,61.609001,57.544998,59.029999,59.029999,384900
2020-04-21,2020-04-21,57.43,58.029999,49.860001,52.27,52.27,712500
2020-04-22,2020-04-22,55.490002,58.419998,54.890999,57.723999,57.723999,406200
2020-04-23,2020-04-23,58.490002,60.0,56.060001,56.970001,56.970001,361000
2020-04-24,2020-04-24,57.0,59.34,55.150002,59.18,59.18,300900
2020-04-27,2020-04-27,61.009998,63.435001,60.488998,61.66,61.66,498900
2020-04-28,2020-04-28,62.540001,62.889999,56.154999,56.450001,56.450001,522300
2020-04-29,2020-04-29,60.882999,64.629997,60.0,63.599998,63.599998,603600
2020-04-30,2020-04-30,64.540001,66.958,61.349998,63.639999,63.639999,609900
2020-05-01,2020-05-01,58.630001,60.470001,54.652,56.349998,56.349998,554600
2020-05-04,2020-05-04,55.110001,59.48,54.849998,59.48,59.48,291900
2020-05-05,2020-05-05,61.669998,62.810001,59.764999,60.5,60.5,464800
2020-05-06,2020-05-06,62.200001,63.528,60.639999,61.98,61.98,331300
2020-05-07,2020-05-07,63.93,64.769997,62.799999,64.510002,64.510002,255100
2020-05-08,2020-05-08,65.870003,68.620003,65.274002,68.290001,68.290001,322300
2020-05-11,2020-05-11,66.849998,71.029999,66.610001,70.099998,70.099998,370000
2020-05-12,2020-05-12,71.379997,72.014999,66.136002,66.330002,66.330002,483600
2020-05-13,2020-05-13,67.639999,69.620003,60.91,63.799999,63.799999,602000
2020-05-14,2020-05-14,62.029999,66.0,59.91,65.989998,65.989998,481600
2020-05-15,2020-05-15,63.73,69.5,63.66,69.480003,69.480003,386400
2020-05-18,2020-05-18,72.519997,75.120003,72.099998,74.68,74.68,465500
2020-05-19,2020-05-19,77.050003,79.279999,75.379997,75.449997,75.449997,480600
2020-05-20,2020-05-20,78.870003,81.769997,77.879997,80.5,80.5,556200
2020-05-21,2020-05-21,80.690002,82.0,76.440002,79.300003,79.300003,459800
2020-05-22,2020-05-22,77.82,78.338997,75.650002,77.199997,77.199997,311700
2020-05-26,2020-05-26,81.720001,81.720001,77.290001,77.779999,77.779999,321800
2020-05-27,2020-05-27,76.010002,76.599998,68.790001,75.849998,75.849998,630900
2020-05-28,2020-05-28,72.540001,77.290001,72.25,73.169998,73.169998,273200
2020-05-29,2020-05-29,73.349998,76.160004,71.129997,75.860001,75.860001,196400
2020-06-01,2020-06-01,75.870003,80.113998,75.510002,80.029999,80.029999,232800
2020-06-02,2020-06-02,80.059998,81.120003,77.599998,81.110001,81.110001,302700
2020-06-03,2020-06-03,81.440002,84.639999,80.919998,84.410004,84.410004,432200
2020-06-04,2020-06-04,83.620003,85.114998,78.75,80.330002,80.330002,285700
2020-06-05,2020-06-05,81.550003,86.110001,81.360001,85.5,85.5,392900
2020-06-08,2020-06-08,87.234001,89.800003,85.573997,89.800003,89.800003,285900
2020-06-09,2020-06-09,88.25,93.978996,87.519997,93.18,93.18,389200
2020-06-10,2020-06-10,97.43,99.370003,95.790001,98.169998,98.169998,559300
2020-06-11,2020-06-11,90.980003,94.646004,83.900002,84.089996,84.089996,731500
2020-06-12,2020-06-12,90.269997,91.004997,81.080002,85.760002,85.760002,498200
2020-06-15,2020-06-15,82.269997,90.5,80.760002,89.940002,89.940002,448100
2020-06-16,2020-06-16,96.029999,97.334,91.0,94.410004,94.410004,385600
2020-06-17,2020-06-17,95.68,97.885002,94.5,96.220001,96.220001,216100
2020-06-18,2020-06-18,96.220001,97.300003,94.650002,96.360001,96.360001,139500
2020-06-19,2020-06-19,98.849998,99.757004,94.160004,95.5,95.5,273700
2020-06-22,2020-06-22,96.599998,99.400002,95.492996,99.400002,99.400002,237700
2020-06-23,2020-06-23,101.050003,104.279999,100.077003,101.550003,101.550003,386300
2020-06-24,2020-06-24,100.5,102.824997,92.489998,95.25,95.25,441900
2020-06-25,2020-06-25,94.779999,97.5,91.650002,97.5,97.5,237900
2020-06-26,2020-06-26,96.860001,96.860001,84.800003,85.879997,85.879997,618200
2020-06-29,2020-06-29,84.0,88.980003,80.600998,88.980003,88.980003,341800
2020-06-30,2020-06-30,88.620003,94.260002,88.311996,93.919998,93.919998,300500
2020-07-01,2020-07-01,94.449997,102.106003,94.449997,100.949997,100.949997,472400
2020-07-02,2020-07-02,107.199997,108.290001,103.82,105.730003,105.730003,402800
2020-07-06,2020-07-06,112.940002,122.650002,112.620003,122.650002,122.650002,553600
2020-07-07,2020-07-07,123.959999,127.289001,120.360001,121.370003,121.370003,421100
2020-07-08,2020-07-08,125.0,132.266006,124.660004,131.0,131.0,507900
2020-07-09,2020-07-09,137.009995,138.0,128.195999,137.25,137.25,709500
2020-07-10,2020-07-10,136.979996,146.169998,132.0,145.820007,145.820007,728100
2020-07-13,2020-07-13,155.0,162.565994,130.759995,132.970001,132.970001,1329200
2020-07-14,2020-07-14,130.0,136.348999,119.610001,134.820007,134.820007,1171800
2020-07-15,2020-07-15,137.139999,138.380005,127.246002,135.779999,135.779999,570900
2020-07-16,2020-07-16,127.0,133.300003,124.160004,131.490005,131.490005,612600
2020-07-17,2020-07-17,130.619995,131.759995,125.260002,129.660004,129.660004,354900
2020-07-20,2020-07-20,131.740005,145.304993,129.070007,144.979996,144.979996,605500
2020-07-21,2020-07-21,149.0,150.210007,137.600006,139.0,139.0,733700
2020-07-22,2020-07-22,139.089996,141.399994,134.119995,138.169998,138.169998,432100
2020-07-23,2020-07-23,141.779999,142.199997,124.0,128.449997,128.449997,782600
2020-07-24,2020-07-24,118.400002,126.177002,114.282997,123.82,123.82,738600
2020-07-27,2020-07-27,125.0,130.699997,121.669998,130.470001,130.470001,431000
2020-07-28,2020-07-28,128.229996,130.880005,123.300003,124.5,124.5,322000
2020-07-29,2020-07-29,126.650002,130.75,126.010002,129.169998,129.169998,344000
2020-07-30,2020-07-30,125.0,130.5,123.098999,130.0,130.0,527900
2020-07-31,2020-07-31,139.149994,139.149994,129.669998,135.0,135.0,559600
2020-08-03,2020-08-03,137.520004,141.979996,137.399994,140.179993,140.179993,468000
2020-08-04,2020-08-04,140.919998,144.949997,140.710007,144.449997,144.449997,398100
2020-08-05,2020-08-05,145.300003,147.460007,143.699997,146.419998,146.419998,265300
2020-08-06,2020-08-06,145.809998,154.389999,144.25,153.119995,153.119995,461300
2020-08-07,2020-08-07,149.699997,153.229004,139.210007,145.039993,145.039993,680600
2020-08-10,2020-08-10,146.779999,149.449997,135.815002,141.699997,141.699997,476800
2020-08-11,2020-08-11,139.179993,143.5,132.850006,134.5,134.5,467200
2020-08-12,2020-08-12,140.440002,150.714996,139.794998,148.199997,148.199997,582800
2020-08-13,2020-08-13,152.160004,156.570007,149.860001,152.199997,152.199997,467400
2020-08-14,2020-08-14,152.979996,153.5,147.5,151.25,151.25,341700
2020-08-17,2020-08-17,155.110001,165.839996,154.738998,165.5,165.5,478500
2020-08-18,2020-08-18,169.410004,173.604996,166.259995,171.800003,171.800003,429200
2020-08-19,2020-08-19,171.529999,175.794998,167.720001,170.600006,170.600006,390000
2020-08-20,2020-08-20,167.220001,180.960007,165.779999,180.259995,180.259995,378300
2020-08-21,2020-08-21,183.149994,190.029999,181.5,188.380005,188.380005,450500
2020-08-24,2020-08-24,199.259995,201.977005,185.501999,192.5,192.5,901800
2020-08-25,2020-08-25,189.110001,199.160004,187.869995,198.990005,198.990005,412400
2020-08-26,2020-08-26,202.080002,222.0,202.039993,221.399994,221.399994,812200
2020-08-27,2020-08-27,222.910004,224.449997,207.738007,215.0,215.0,895200
2020-08-28,2020-08-28,220.289993,223.720001,215.845001,219.940002,219.940002,673100
2020-08-31,2020-08-31,221.009995,239.119003,218.009995,234.210007,234.210007,691800
2020-09-01,2020-09-01,241.360001,248.0,233.098007,244.649994,244.649994,769200
2020-09-02,2020-09-02,255.0,255.539993,221.0,244.990005,244.990005,1319900
2020-09-03,2020-09-03,221.229996,228.429993,193.0,201.080002,201.080002,1750900
2020-09-04,2020-09-04,193.399994,206.990005,158.011002,194.5,194.5,2542000
2020-09-08,2020-09-08,159.050003,175.259995,152.210007,152.210007,152.210007,1713900
2020-09-09,2020-09-09,167.910004,172.0,161.089005,169.0,169.0,1143200
2020-09-10,2020-09-10,178.889999,181.5,156.526001,160.669998,160.669998,1431300
2020-09-11,2020-09-11,165.720001,167.679993,150.669998,159.75,159.75,902200
2020-09-14,2020-09-14,168.809998,175.660004,165.190002,172.479996,172.479996,825500
2020-09-15,2020-09-15,183.600006,187.5,178.505997,186.0,186.0,921100
2020-09-16,2020-09-16,184.729996,189.363998,176.119995,176.759995,176.759995,793300
2020-09-17,2020-09-17,161.279999,170.850006,158.639999,165.990005,165.990005,957300
2020-09-18,2020-09-18,174.0,174.0,156.309998,165.490005,165.490005,731500
2020-09-21,2020-09-21,155.75,168.649994,151.610001,168.649994,168.649994,909600
2020-09-22,2020-09-22,172.759995,177.085007,163.259995,176.779999,176.779999,772000
2020-09-23,2020-09-23,173.380005,177.878006,160.470001,162.0,162.0,645400
2020-09-24,2020-09-24,155.130005,167.625,154.0,161.539993,161.539993,877900
2020-09-25,2020-09-25,163.789993,173.460007,158.119995,172.850006,172.850006,506700
2020-09-28,2020-09-28,183.479996,183.479996,175.813995,182.479996,182.479996,551600
2020-09-29,2020-09-29,180.608002,185.800003,179.660004,183.300003,183.300003,417100
2020-09-30,2020-09-30,184.869995,196.440002,183.585007,192.070007,192.070007,691700
2020-10-01,2020-10-01,199.610001,203.848999,194.899994,202.639999,202.639999,550900
2020-10-02,2020-10-02,187.0,198.679993,184.509995,185.580002,185.580002,1026500
2020-10-05,2020-10-05,190.020004,197.729996,188.789993,197.309998,197.309998,591100
2020-10-06,2020-10-06,196.007004,199.733994,183.509995,187.009995,187.009995,874200
2020-10-07,2020-10-07,193.800003,198.589996,191.164993,197.240005,197.240005,542900
2020-10-08,2020-10-08,202.529999,202.979996,197.778,199.880005,199.880005,341700
2020-10-09,2020-10-09,201.75,204.899994,200.0,204.119995,204.119995,363100
2020-10-12,2020-10-12,217.460007,232.210007,214.050003,224.970001,224.970001,976300
2020-10-13,2020-10-13,227.970001,229.162003,220.024002,224.919998,224.919998,624300
2020-10-14,2020-10-14,228.0,232.205994,221.240005,222.710007,222.710007,545000
2020-10-15,2020-10-15,211.119995,215.966003,206.720001,214.820007,214.820007,683000
2020-10-16,2020-10-16,220.830002,222.210007,209.0,209.710007,209.710007,451100
2020-10-19,2020-10-19,215.850006,218.143005,199.220001,202.0,202.0,682000
2020-10-20,2020-10-20,203.380005,211.0,200.541,205.852997,205.852997,415100
2020-10-21,2020-10-21,210.0,218.488998,208.985992,211.009995,211.009995,551300
2020-10-22,2020-10-22,214.309998,216.634995,200.0,208.949997,208.949997,450900
2020-10-23,2020-10-23,211.25,213.740005,203.309998,213.699997,213.699997,322900
2020-10-26,2020-10-26,208.419998,217.5,196.330994,204.0,204.0,715300
2020-10-27,2020-10-27,206.600006,218.190002,204.279999,217.279999,217.279999,609100
2020-10-28,2020-10-28,205.699997,205.899994,190.0,191.380005,191.380005,1027600
2020-10-29,2020-10-29,199.289993,213.059998,197.0,207.509995,207.509995,734200
2020-10-30,2020-10-30,193.279999,194.570007,170.009995,175.259995,175.259995,1507300
2020-11-02,2020-11-02,178.089996,183.800003,169.009995,174.25,174.25,748500
2020-11-03,2020-11-03,174.899994,185.554993,171.130005,180.800003,180.800003,709600
2020-11-04,2020-11-04,195.850006,207.380005,193.0,204.25,204.25,1152800
2020-11-05,2020-11-05,215.630005,220.100006,210.617996,218.449997,218.449997,790500
2020-11-06,2020-11-06,217.899994,220.380005,208.0,219.960007,219.960007,595600
2020-11-09,2020-11-09,222.0,226.785004,198.5,199.479996,199.479996,895100
2020-11-10,2020-11-10,191.190002,193.75,175.5,183.669998,183.669998,849100
2020-11-11,2020-11-11,189.509995,195.0,185.274002,194.619995,194.619995,417000
2020-11-12,2020-11-12,196.0,200.199997,189.376007,191.0,191.0,455700
2020-11-13,2020-11-13,195.669998,195.669998,184.770004,192.550003,192.550003,381700
2020-11-16,2020-11-16,191.820007,197.5,189.199997,194.850006,194.850006,399800
2020-11-17,2020-11-17,198.360001,199.0,192.75,194.039993,194.039993,293900
2020-11-18,2020-11-18,194.899994,203.167007,191.339996,197.179993,197.179993,475700
2020-11-19,2020-11-19,194.020004,200.300003,191.503998,199.25,199.25,315900
2020-11-20,2020-11-20,200.0,202.399994,196.615005,197.990005,197.990005,248600
2020-11-23,2020-11-23,201.059998,203.529999,192.929993,196.0,196.0,417500
2020-11-24,2020-11-24,201.0,208.5,196.113998,207.990005,207.990005,546900
2020-11-25,2020-11-25,206.309998,215.949005,204.533005,215.490005,215.490005,583600
2020-11-27,2020-11-27,218.5,224.080002,217.660004,221.300003,221.300003,292700
2020-11-30,2020-11-30,220.679993,222.369995,203.800003,215.419998,215.419998,447200
2020-12-01,2020-12-01,223.339996,230.514999,218.860001,226.639999,226.639999,490100
2020-12-02,2020-12-02,221.0,231.509995,214.576996,229.110001,229.110001,554100
2020-12-03,2020-12-03,232.669998,235.350006,229.020004,230.369995,230.369995,357000
2020-12-04,2020-12-04,231.0,233.520004,229.367004,231.160004,231.160004,299200
2020-12-07,2020-12-07,228.679993,241.369995,228.679993,241.25,241.25,281700
2020-12-08,2020-12-08,240.0,241.244995,231.179993,240.669998,240.669998,322000
2020-12-09,2020-12-09,241.75,246.690002,222.567993,226.910004,226.910004,615200
2020-12-10,2020-12-10,219.990005,240.729996,216.990005,240.600006,240.600006,548700
2020-12-11,2020-12-11,234.5,239.779999,230.065002,239.399994,239.399994,293500
2020-12-14,2020-12-14,242.610001,251.567001,241.934998,247.100006,247.100006,406800
2020-12-15,2020-12-15,254.0,262.869995,248.328995,261.959991,261.959991,403200
2020-12-16,2020-12-16,268.850006,275.0,264.407013,268.299988,268.299988,389600
2020-12-17,2020-12-17,272.540009,276.782013,268.769989,276.5,276.5,328900
2020-12-18,2020-12-18,281.200012,282.0,269.428009,277.829987,277.829987,330900
2020-12-21,2020-12-21,268.700012,276.829987,265.299988,275.339996,275.339996,392600
2020-12-22,2020-12-22,278.859985,278.859985,261.312012,270.48999,270.48999,439300
2020-12-23,2020-12-23,271.410004,273.820007,263.799988,268.25,268.25,217600
2020-12-24,2020-12-24,259.98999,262.519989,254.039993,258.179993,258.179993,266000
2020-12-28,2020-12-28,262.0,272.980011,259.369995,270.359985,270.359985,415200
2020-12-29,2020-12-29,276.0,280.459991,271.929993,277.0,277.0,369300
2020-12-30,2020-12-30,282.0,288.660004,278.579987,288.630005,288.630005,256800
2020-12-31,2020-12-31,290.0,290.869995,282.457001,286.690002,286.690002,247400
2021-01-04,2021-01-04,290.820007,294.200012,269.010986,278.670013,278.670013,475900
2021-01-05,2021-01-05,273.829987,287.98999,273.218994,286.470001,286.470001,301700
2021-01-06,2021-01-06,275.390015,284.070007,262.131012,263.899994,263.899994,592900
2021-01-07,2021-01-07,273.0,284.747009,271.920013,282.359985,282.359985,349400
2021-01-08,2021-01-08,298.019989,309.480011,286.100006,309.100006,309.100006,565000
2021-01-11,2021-01-11,290.0,293.35199,272.0,272.970001,272.970001,667600
2021-01-12,2021-01-12,279.859985,283.325012,273.049988,280.399994,280.399994,349300
2021-01-13,2021-01-13,282.790009,292.350006,278.054993,288.829987,288.829987,291300
2021-01-14,2021-01-14,292.929993,297.5,283.033997,284.950012,284.950012,312900
2021-01-15,2021-01-15,285.640015,290.0,273.173004,273.809998,273.809998,275700
2021-01-19,2021-01-19,286.5,292.996002,282.209991,292.549988,292.549988,336800
2021-01-20,2021-01-20,321.549988,339.714996,319.290009,335.01001,335.01001,618900
2021-01-21,2021-01-21,339.200012,340.916992,331.5,335.850006,335.850006,315000
2021-01-22,2021-01-22,332.130005,340.912994,330.549988,337.670013,337.670013,232900
2021-01-25,2021-01-25,351.309998,356.700012,318.0,344.950012,344.950012,502700
2021-01-26,2021-01-26,346.910004,353.730011,342.362,348.5,348.5,223000
2021-01-27,2021-01-27,337.0,338.73999,310.0,315.0,315.0,582300
2021-01-28,2021-01-28,314.730011,331.130005,307.200012,318.369995,318.369995,328600
2021-01-29,2021-01-29,311.0,313.980011,286.529999,294.600006,294.600006,524600
2021-02-01,2021-02-01,306.799988,323.730011,298.369995,322.899994,322.899994,390600
2021-02-02,2021-02-02,331.910004,342.779999,330.0,338.25,338.25,388800
2021-02-03,2021-02-03,351.799988,355.480011,342.929993,342.929993,342.929993,375600
2021-02-04,2021-02-04,349.059998,356.700012,340.429993,356.700012,356.700012,262500
2021-02-05,2021-02-05,357.0,366.976013,348.700012,364.899994,364.899994,287600
2021-02-08,2021-02-08,373.079987,377.98999,369.799988,374.98999,374.98999,306000
2021-02-09,2021-02-09,373.0,397.26001,371.769989,387.339996,387.339996,315400
2021-02-10,2021-02-10,410.130005,421.0,383.01001,406.420013,406.420013,545800
2021-02-11,2021-02-11,412.049988,415.5,400.070007,413.059998,413.059998,280800
2021-02-12,2021-02-12,405.0,422.200012,399.799988,420.700012,420.700012,238860
2021-02-16,2021-02-16,424.700012,440.799988,421.200012,433.0,433.0,338140
2021-02-17,2021-02-17,417.600006,420.089996,396.399994,415.0,415.0,350760
2021-02-18,2021-02-18,392.0,403.600006,380.600006,400.299988,400.299988,410460
2021-02-19,2021-02-19,410.799988,418.5,398.700012,414.299988,414.299988,298680
2021-02-22,2021-02-22,390.0,416.0,376.899994,381.100006,381.100006,366030
2021-02-23,2021-02-23,347.600006,384.200012,307.299988,379.600006,379.600006,766410
2021-02-24,2021-02-24,372.700012,377.200012,352.200012,376.399994,376.399994,361800
2021-02-25,2021-02-25,374.799988,388.0,330.200012,338.700012,338.700012,447220
2021-02-26,2021-02-26,351.0,361.200012,325.100006,338.899994,338.899994,394760
2021-03-01,2021-03-01,363.700012,368.600006,347.0,368.600006,368.600006,276450
2021-03-02,2021-03-02,366.299988,372.700012,346.399994,346.700012,346.700012,244420
2021-03-03,2021-03-03,347.5,355.799988,306.299988,309.100006,309.100006,533270
2021-03-04,2021-03-04,305.600006,317.299988,269.0,284.0,284.0,802030
2021-03-05,2021-03-05,296.0,296.0,242.199997,290.799988,290.799988,1282040
2021-03-08,2021-03-08,288.600006,291.5,247.199997,247.600006,247.600006,1425050
2021-03-09,2021-03-09,271.299988,296.600006,268.0,293.200012,293.200012,844200
2021-03-10,2021-03-10,309.399994,309.899994,275.5,282.100006,282.100006,979070
2021-03-11,2021-03-11,301.200012,315.950012,296.540009,315.0,315.0,699130
2021-03-12,2021-03-12,294.700012,300.299988,285.600006,299.5,299.5,800420
2021-03-15,2021-03-15,296.799988,310.899994,291.600006,310.899994,310.899994,546650
2021-03-16,2021-03-16,315.0,325.100006,304.0,310.299988,310.299988,738400
2021-03-17,2021-03-17,296.200012,330.100006,290.700012,325.799988,325.799988,717270
2021-03-18,2021-03-18,309.600006,313.899994,288.799988,293.0,293.0,672650
2021-03-19,2021-03-19,290.98999,296.299988,280.399994,294.700012,294.700012,463540
2021-03-22,2021-03-22,298.700012,312.0,296.700012,304.5,304.5,517990
2021-03-23,2021-03-23,304.799988,311.600006,299.100006,301.799988,301.799988,447560
2021-03-24,2021-03-24,304.799988,304.799988,271.850006,271.899994,271.899994,792240
2021-03-25,2021-03-25,258.799988,272.700012,249.100006,253.300003,253.300003,992810
2021-03-26,2021-03-26,249.100006,258.200012,233.0,257.100006,257.100006,1093610
2021-03-29,2021-03-29,257.700012,267.190002,251.399994,264.0,264.0,597590
2021-03-30,2021-03-30,259.399994,271.5,255.100006,268.200012,268.200012,371480
2021-03-31,2021-03-31,275.0,286.200012,273.399994,280.899994,280.899994,459630
2021-04-01,2021-04-01,294.799988,301.0,288.200012,292.700012,292.700012,634420
2021-04-05,2021-04-05,303.399994,312.299988,298.720001,310.100006,310.100006,678220
2021-04-06,2021-04-06,312.0,321.899994,310.100006,317.100006,317.100006,691420
2021-04-07,2021-04-07,313.0,325.5,309.5,321.799988,321.799988,462590
2021-04-08,2021-04-08,329.899994,336.200012,327.730011,335.200012,335.200012,459700
2021-04-09,2021-04-09,328.200012,335.200012,324.200012,335.0,335.0,378480
2021-04-12,2021-04-12,337.5,348.299988,333.0,347.299988,347.299988,466550
2021-04-13,2021-04-13,350.5,367.5,348.399994,365.700012,365.700012,494440
2021-04-14,2021-04-14,369.399994,369.799988,340.200012,343.200012,343.200012,673970
2021-04-15,2021-04-15,353.600006,361.399994,350.899994,359.399994,359.399994,660270
2021-04-16,2021-04-16,361.700012,362.100006,347.899994,355.5,355.5,393390
2021-04-19,2021-04-19,347.200012,354.399994,332.700012,341.700012,341.700012,544530
2021-04-20,2021-04-20,340.700012,345.899994,322.299988,331.0,331.0,526190
2021-04-21,2021-04-21,319.399994,333.700012,315.0,333.600006,333.600006,650950
2021-04-22,2021-04-22,334.200012,336.100006,313.450012,316.299988,316.299988,543460
2021-04-23,2021-04-23,321.75,335.600006,321.0,332.799988,332.799988,361690
2021-04-26,2021-04-26,334.799988,339.0,329.600006,338.700012,338.700012,427360
2021-04-27,2021-04-27,339.600006,343.399994,331.0,331.799988,331.799988,390720
2021-04-28,2021-04-28,336.100006,344.899994,332.0,334.899994,334.899994,521830
2021-04-29,2021-04-29,351.399994,352.399994,327.100006,338.299988,338.299988,666320
2021-04-30,2021-04-30,318.0,330.700012,317.700012,321.100006,321.100006,630490
2021-05-03,2021-05-03,322.600006,325.100006,307.299988,309.0,309.0,496310
2021-05-04,2021-05-04,302.399994,305.190002,277.059998,292.200012,292.200012,658350
2021-05-05,2021-05-05,299.0,302.350006,283.700012,286.5,286.5,386280
2021-05-06,2021-05-06,285.899994,289.700012,275.399994,289.700012,289.700012,408200
2021-05-07,2021-05-07,298.0,302.799988,289.100006,292.600006,292.600006,698870
2021-05-10,2021-05-10,285.899994,285.899994,261.100006,261.600006,261.600006,843640
2021-05-11,2021-05-11,239.300003,266.5,236.600006,264.899994,264.899994,1278300
2021-05-12,2021-05-12,251.800003,261.73999,241.240005,243.600006,243.600006,761610
2021-05-13,2021-05-13,251.399994,253.0,230.199997,239.0,239.0,813160
2021-05-14,2021-05-14,247.0,257.899994,242.199997,256.899994,256.899994,408170
2021-05-17,2021-05-17,254.600006,259.200012,246.899994,257.5,257.5,393090
2021-05-18,2021-05-18,260.899994,267.0,252.600006,252.600006,252.600006,583830
2021-05-19,2021-05-19,237.600006,252.899994,237.199997,252.199997,252.199997,574420
2021-05-20,2021-05-20,257.399994,271.5,257.0,270.100006,270.100006,561560
2021-05-21,2021-05-21,276.200012,276.700012,263.600006,264.299988,264.299988,434550
2021-05-24,2021-05-24,268.600006,285.200012,266.899994,281.700012,281.700012,439260
2021-05-25,2021-05-25,288.299988,290.5,279.600006,284.700012,284.700012,356790
2021-05-26,2021-05-26,287.700012,292.200012,285.799988,289.899994,289.899994,275580
2021-05-27,2021-05-27,290.0,292.5,284.5,289.700012,289.700012,303030
2021-05-28,2021-05-28,290.0,296.799988,289.0,292.399994,292.399994,304540
2021-06-01,2021-06-01,299.450012,300.5,288.01001,295.0,295.0,279250
2021-06-02,2021-06-02,295.799988,298.600006,288.600006,295.399994,295.399994,262520
2021-06-03,2021-06-03,286.299988,290.600006,280.899994,282.399994,282.399994,402440
2021-06-04,2021-06-04,287.5,301.299988,286.899994,299.899994,299.899994,387970
2021-06-07,2021-06-07,297.299988,302.899994,291.299988,302.0,302.0,293260
2021-06-08,2021-06-08,306.799988,308.600006,293.799988,300.0,300.0,338600
2021-06-09,2021-06-09,302.700012,306.0,296.299988,297.399994,297.399994,298770
2021-06-10,2021-06-10,297.799988,305.299988,294.700012,303.600006,303.600006,268990
2021-06-11,2021-06-11,305.899994,306.799988,301.0,306.5,306.5,228930
2021-06-14,2021-06-14,308.100006,318.700012,304.100006,318.700012,318.700012,350780
2021-06-15,2021-06-15,317.5,318.399994,307.200012,308.200012,308.200012,246900
2021-06-16,2021-06-16,308.700012,313.100006,296.600006,306.700012,306.700012,306890
2021-06-17,2021-06-17,304.100006,326.899994,304.0,323.100006,323.100006,526690
2021-06-18,2021-06-18,321.0,327.799988,317.600006,319.799988,319.799988,353280
2021-06-21,2021-06-21,319.200012,322.200012,307.700012,322.200012,322.200012,205920
2021-06-22,2021-06-22,321.0,337.600006,320.5,335.700012,335.700012,347710
2021-06-23,2021-06-23,339.600006,351.910004,339.0,349.5,349.5,431370
2021-06-24,2021-06-24,359.0,369.399994,357.5,362.0,362.0,435630
2021-06-25,2021-06-25,369.5,373.799988,359.899994,368.5,368.5,320540
2021-06-28,2021-06-28,373.399994,389.0,372.799988,386.799988,386.799988,430930
2021-06-29,2021-06-29,383.100006,389.0,376.0,389.0,389.0,288070
2021-06-30,2021-06-30,384.600006,389.48999,381.799988,382.200012,382.200012,198790
2021-07-01,2021-07-01,381.200012,389.700012,373.200012,381.899994,381.899994,235210
2021-07-02,2021-07-02,384.299988,388.200012,379.5,387.899994,387.899994,225700
2021-07-06,2021-07-06,386.799988,389.899994,374.0,387.399994,387.399994,227980
2021-07-07,2021-07-07,396.200012,396.200012,374.399994,377.700012,377.700012,379060
2021-07-08,2021-07-08,352.5,365.890015,344.399994,360.799988,360.799988,508710
2021-07-09,2021-07-09,363.600006,376.200012,361.200012,375.299988,375.299988,207090
2021-07-12,2021-07-12,379.5,385.799988,375.600006,385.700012,385.700012,168560
2021-07-13,2021-07-13,385.600006,399.200012,383.0,387.0,387.0,282200
2021-07-14,2021-07-14,396.5,398.799988,383.700012,386.5,386.5,240230
2021-07-15,2021-07-15,389.399994,391.799988,365.0,373.799988,373.799988,288410
2021-07-16,2021-07-16,375.399994,378.899994,350.700012,353.299988,353.299988,288690
2021-07-19,2021-07-19,335.700012,348.5,330.51001,347.100006,347.100006,291100
2021-07-20,2021-07-20,348.700012,363.890015,338.799988,358.600006,358.600006,220100
2021-07-21,2021-07-21,357.200012,365.399994,355.899994,365.299988,365.299988,161370
2021-07-22,2021-07-22,366.200012,372.5,362.799988,370.799988,370.799988,135290
2021-07-23,2021-07-23,373.5,380.799988,361.399994,378.5,378.5,230150
2021-07-26,2021-07-26,369.700012,374.100006,359.5,364.700012,364.700012,249830
2021-07-27,2021-07-27,357.299988,362.899994,331.5,349.200012,349.200012,369170
2021-07-28,2021-07-28,360.399994,373.859985,350.299988,367.5,367.5,316570
2021-07-29,2021-07-29,367.299988,374.0,362.600006,368.200012,368.200012,211440
2021-07-30,2021-07-30,349.200012,361.600006,347.299988,356.299988,356.299988,202520
2021-08-02,2021-08-02,363.799988,370.600006,356.399994,362.200012,362.200012,171990
2021-08-03,2021-08-03,361.899994,365.0,346.799988,360.700012,360.700012,188930
2021-08-04,2021-08-04,362.5,370.399994,361.399994,367.899994,367.899994,358410
2021-08-05,2021-08-05,370.100006,376.700012,365.100006,376.0,376.0,140850
2021-08-06,2021-08-06,372.700012,377.0,362.0,363.899994,363.899994,178550
2021-08-09,2021-08-09,365.399994,368.399994,359.609985,366.100006,366.100006,101850
2021-08-10,2021-08-10,369.399994,370.0,355.709991,359.0,359.0,129990
2021-08-11,2021-08-11,363.0,363.799988,348.5,353.5,353.5,114550
2021-08-12,2021-08-12,349.100006,356.399994,342.26001,355.700012,355.700012,116160
2021-08-13,2021-08-13,354.5,357.179993,350.0,352.299988,352.299988,84450
2021-08-16,2021-08-16,344.299988,348.869995,325.0,342.100006,342.100006,231680
2021-08-17,2021-08-17,327.899994,332.200012,313.899994,322.100006,322.100006,264890
2021-08-18,2021-08-18,322.5,329.149994,316.0,316.799988,316.799988,156410
2021-08-19,2021-08-19,308.5,324.290009,305.799988,313.600006,313.600006,262380
2021-08-20,2021-08-20,320.600006,327.899994,317.100006,324.700012,324.700012,230350
2021-08-23,2021-08-23,329.100006,349.399994,328.799988,348.5,348.5,271380
2021-08-24,2021-08-24,357.5,364.799988,354.799988,362.200012,362.200012,264120
2021-08-25,2021-08-25,358.700012,363.690002,357.700012,363.200012,363.200012,165050
2021-08-26,2021-08-26,360.600006,365.600006,352.200012,354.0,354.0,186650
2021-08-27,2021-08-27,354.200012,366.600006,353.0,365.100006,365.100006,209680
2021-08-30,2021-08-30,368.799988,384.200012,368.100006,382.200012,382.200012,364540
2021-08-31,2021-08-31,386.600006,389.149994,378.899994,386.799988,386.799988,239400
2021-09-01,2021-09-01,391.0,408.790009,390.899994,401.399994,401.399994,341150
2021-09-02,2021-09-02,406.899994,408.700012,391.899994,394.399994,394.399994,259160
2021-09-03,2021-09-03,392.0,399.700012,387.720001,399.100006,399.100006,147140
2021-09-07,2021-09-07,406.5,418.850006,405.799988,415.399994,415.399994,226210
2021-09-08,2021-09-08,414.700012,416.5,390.600006,400.700012,400.700012,239260
2021-09-09,2021-09-09,398.200012,405.100006,394.399994,395.299988,395.299988,139720
2021-09-10,2021-09-10,404.200012,407.799988,384.700012,386.200012,386.200012,189310
2021-09-13,2021-09-13,389.450012,390.100006,365.200012,378.899994,378.899994,206640
2021-09-14,2021-09-14,379.799988,382.5,368.600006,372.700012,372.700012,174670
2021-09-15,2021-09-15,371.100006,381.700012,360.399994,380.5,380.5,140700
2021-09-16,2021-09-16,374.200012,381.100006,366.299988,379.100006,379.100006,102600
2021-09-17,2021-09-17,380.0,382.5,367.200012,374.0,374.0,147340
2021-09-20,2021-09-20,349.299988,353.0,322.899994,338.799988,338.799988,664080
2021-09-21,2021-09-21,345.0,349.799988,339.0,344.299988,344.299988,261380
2021-09-22,2021-09-22,345.299988,361.25,342.5,357.299988,357.299988,191890
2021-09-23,2021-09-23,362.600006,369.399994,355.209991,368.399994,368.399994,188680
2021-09-24,2021-09-24,358.5,367.190002,353.399994,366.5,366.5,145750
2021-09-27,2021-09-27,356.700012,367.799988,347.600006,365.0,365.0,188500
2021-09-28,2021-09-28,353.399994,357.0,333.0,337.5,337.5,334500
2021-09-29,2021-09-29,341.399994,349.200012,328.799988,330.0,330.0,198670
2021-09-30,2021-09-30,334.100006,342.290009,330.799988,331.700012,331.700012,143810
2021-10-01,2021-10-01,333.399994,336.899994,320.899994,334.5,334.5,183390
2021-10-04,2021-10-04,328.700012,329.5,299.100006,306.0,306.0,525320
2021-10-05,2021-10-05,310.200012,331.5,310.0,325.799988,325.799988,271030
2021-10-06,2021-10-06,314.399994,334.600006,312.200012,333.399994,333.399994,216890
2021-10-07,2021-10-07,348.700012,360.790009,347.799988,354.200012,354.200012,317340
2021-10-08,2021-10-08,360.399994,365.600006,353.600006,359.0,359.0,211180
2021-10-11,2021-10-11,361.399994,368.899994,353.0,353.399994,353.399994,173890
2021-10-12,2021-10-12,355.899994,360.049988,345.799988,347.899994,347.899994,149580
2021-10-13,2021-10-13,355.899994,361.600006,350.899994,359.899994,359.899994,148350
2021-10-14,2021-10-14,369.200012,373.399994,363.100006,372.5,372.5,256960
2021-10-15,2021-10-15,376.799988,381.0,372.0,379.799988,379.799988,154380
2021-10-18,2021-10-18,382.399994,403.200012,381.799988,402.399994,402.399994,301020
2021-10-19,2021-10-19,409.200012,422.790009,405.0,421.5,421.5,357750
2021-10-20,2021-10-20,424.170013,426.5,410.600006,417.600006,417.600006,351300
2021-10-21,2021-10-21,414.200012,431.0,413.299988,430.299988,430.299988,296690
2021-10-22,2021-10-22,421.399994,430.0,407.100006,413.5,413.5,316010
2021-10-25,2021-10-25,417.899994,435.399994,405.100006,433.100006,433.100006,279120
2021-10-26,2021-10-26,440.799988,454.399994,418.649994,428.799988,428.799988,379720
2021-10-27,2021-10-27,425.799988,434.799988,419.200012,420.0,420.0,233350
2021-10-28,2021-10-28,431.299988,440.5,422.0,436.200012,436.200012,169070
2021-10-29,2021-10-29,425.399994,439.799988,422.0,439.100006,439.100006,218560
2021-11-01,2021-11-01,444.799988,463.299988,444.0,463.200012,463.200012,211610
2021-11-02,2021-11-02,450.600006,457.200012,441.600006,447.0,447.0,255660
2021-11-03,2021-11-03,450.399994,469.5,446.200012,468.899994,468.899994,238470
2021-11-04,2021-11-04,480.5,500.5,478.5,487.299988,487.299988,268540
2021-11-05,2021-11-05,494.0,498.200012,473.5,475.600006,475.600006,191510
2021-11-08,2021-11-08,473.299988,484.100006,469.700012,477.5,477.5,138320
2021-11-09,2021-11-09,488.700012,491.100006,448.200012,454.100006,454.100006,224320
2021-11-10,2021-11-10,440.799988,464.700012,423.600006,441.100006,441.100006,255670
2021-11-11,2021-11-11,462.0,463.0,452.899994,453.899994,453.899994,121550
2021-11-12,2021-11-12,451.0,468.100006,442.600006,467.700012,467.700012,111000
2021-11-15,2021-11-15,469.0,472.700012,453.0,464.100006,464.100006,103570
2021-11-16,2021-11-16,462.299988,474.600006,461.899994,473.899994,473.899994,96070
2021-11-17,2021-11-17,479.299988,481.459991,457.200012,461.299988,461.299988,104160
2021-11-18,2021-11-18,465.700012,469.5,449.5,459.5,459.5,131850
2021-11-19,2021-11-19,467.5,474.700012,463.48999,471.799988,471.799988,106050
2021-11-22,2021-11-22,482.0,492.649994,445.799988,449.399994,449.399994,245250
2021-11-23,2021-11-23,448.100006,458.329987,416.399994,436.5,436.5,270310
2021-11-24,2021-11-24,428.299988,451.5,416.5,449.5,449.5,117660
2021-11-26,2021-11-26,437.399994,441.100006,416.100006,425.200012,425.200012,142420
2021-11-29,2021-11-29,445.0,451.799988,436.429993,445.0,445.0,171890
2021-11-30,2021-11-30,441.899994,452.399994,413.0,425.799988,425.799988,194620
2021-12-01,2021-12-01,441.799988,445.799988,389.5,390.5,390.5,216870
2021-12-02,2021-12-02,387.5,401.299988,377.0,391.700012,391.700012,258070
2021-12-03,2021-12-03,388.0,389.679993,336.48999,351.200012,351.200012,768490
2021-12-06,2021-12-06,348.0,376.98999,333.100006,374.399994,374.399994,399740
2021-12-07,2021-12-07,399.799988,412.5,392.609985,409.399994,409.399994,345970
2021-12-08,2021-12-08,406.899994,422.0,399.100006,417.600006,417.600006,223490
2021-12-09,2021-12-09,416.700012,429.399994,394.0,394.600006,394.600006,281440
2021-12-10,2021-12-10,402.0,405.5,382.200012,397.600006,397.600006,237820
2021-12-13,2021-12-13,393.5,394.399994,364.5,366.200012,366.200012,313680
2021-12-14,2021-12-14,349.5,366.100006,345.399994,363.5,363.5,451100
2021-12-15,2021-12-15,357.700012,383.5,335.600006,382.600006,382.600006,734810
2021-12-16,2021-12-16,388.0,391.0,341.51001,346.799988,346.799988,426560
2021-12-17,2021-12-17,335.0,359.130005,330.100006,345.399994,345.399994,311920
2021-12-20,2021-12-20,327.399994,331.48999,316.450012,325.399994,325.399994,460040
2021-12-21,2021-12-21,336.0,357.700012,327.5,357.0,357.0,407430
2021-12-22,2021-12-22,350.0,368.600006,346.799988,368.600006,368.600006,284590
2021-12-23,2021-12-23,366.799988,382.5,362.100006,379.200012,379.200012,378870
2021-12-27,2021-12-27,379.899994,399.399994,379.799988,393.5,393.5,334540
2021-12-28,2021-12-28,396.200012,396.899994,382.0,385.5,385.5,241040
2021-12-29,2021-12-29,383.799988,387.75,366.100006,375.799988,375.799988,226420
2021-12-30,2021-12-30,372.600006,401.600006,372.600006,390.700012,390.700012,291690
2021-12-31,2021-12-31,386.799988,394.100006,374.600006,375.299988,375.299988,216230
2022-01-03,2022-01-03,389.100006,402.299988,382.0,400.200012,400.200012,356910
2022-01-04,2022-01-04,400.200012,400.200012,365.959991,380.399994,380.399994,483560
2022-01-05,2022-01-05,372.799988,387.799988,342.299988,342.899994,342.899994,502170
2022-01-06,2022-01-06,340.299988,359.600006,329.0,349.100006,349.100006,376630
2022-01-07,2022-01-07,355.899994,364.399994,337.899994,342.399994,342.399994,372260
2022-01-10,2022-01-10,330.399994,344.5,311.100006,344.200012,344.200012,577770
2022-01-11,2022-01-11,340.0,361.100006,334.299988,359.600006,359.600006,344860
2022-01-12,2022-01-12,373.0,379.399994,363.100006,372.700012,372.700012,361080
2022-01-13,2022-01-13,373.299988,373.299988,329.619995,333.200012,333.200012,575240
2022-01-14,2022-01-14,325.0,342.600006,324.399994,342.5,342.5,352620
2022-01-18,2022-01-18,320.329987,333.100006,312.399994,317.200012,317.200012,332930
2022-01-19,2022-01-19,321.200012,329.0,307.350006,308.299988,308.299988,290150
2022-01-20,2022-01-20,326.399994,335.100006,303.700012,306.5,306.5,387060
2022-01-21,2022-01-21,283.0,288.790009,256.0,257.399994,257.399994,927190
2022-01-24,2022-01-24,235.300003,251.800003,201.600006,249.600006,249.600006,1329750
2022-01-25,2022-01-25,233.199997,247.800003,227.199997,233.699997,233.699997,599900
2022-01-26,2022-01-26,254.600006,257.200012,222.199997,231.5,231.5,749150
2022-01-27,2022-01-27,241.5,243.800003,219.800003,220.399994,220.399994,461580
2022-01-28,2022-01-28,225.800003,241.0,212.509995,240.300003,240.300003,511220
2022-01-31,2022-01-31,250.0,282.700012,246.5,282.100006,282.100006,651290
2022-02-01,2022-02-01,286.0,292.690002,272.799988,291.600006,291.600006,510360
2022-02-02,2022-02-02,308.399994,308.5,279.299988,290.700012,290.700012,740800
2022-02-03,2022-02-03,253.199997,267.200012,240.399994,244.5,244.5,645110
2022-02-04,2022-02-04,248.800003,265.200012,239.399994,258.5,258.5,543030
2022-02-07,2022-02-07,254.0,260.100006,240.5,243.300003,243.300003,388590
2022-02-08,2022-02-08,242.0,259.100006,240.199997,257.100006,257.100006,323520
2022-02-09,2022-02-09,266.399994,276.100006,261.299988,276.0,276.0,374450
2022-02-10,2022-02-10,259.299988,278.0,253.899994,259.0,259.0,415070
2022-02-11,2022-02-11,259.200012,263.600006,228.399994,234.0,234.0,499350
2022-02-14,2022-02-14,229.5,244.5,226.199997,237.699997,237.699997,370480
2022-02-15,2022-02-15,248.800003,259.0,246.5,259.0,259.0,315730
2022-02-16,2022-02-16,251.800003,259.899994,246.229996,259.899994,259.899994,249250
2022-02-17,2022-02-17,248.919998,255.899994,232.600006,234.5,234.5,295040
2022-02-18,2022-02-18,234.100006,235.399994,212.199997,220.300003,220.300003,621770
2022-02-22,2022-02-22,205.899994,216.399994,194.199997,204.199997,204.199997,723970
2022-02-23,2022-02-23,210.0,213.5,183.5,184.899994,184.899994,628510
2022-02-24,2022-02-24,155.800003,203.5,155.0,202.800003,202.800003,923440
2022-02-25,2022-02-25,202.5,209.899994,192.199997,209.899994,209.899994,474320
2022-02-28,2022-02-28,202.0,217.380005,200.199997,214.100006,214.100006,453230
2022-03-01,2022-03-01,216.800003,226.699997,206.699997,211.600006,211.600006,440190
2022-03-02,2022-03-02,211.699997,218.600006,201.300003,216.0,216.0,346350
2022-03-03,2022-03-03,220.300003,221.0,196.800003,200.399994,200.399994,383370
2022-03-04,2022-03-04,196.100006,201.100006,183.100006,188.199997,188.199997,423350
2022-03-07,2022-03-07,186.800003,191.600006,165.0,165.100006,165.100006,525010
2022-03-08,2022-03-08,162.0,176.800003,153.0,161.5,161.5,826660
2022-03-09,2022-03-09,175.0,184.300003,171.110001,183.100006,183.100006,503090
2022-03-10,2022-03-10,174.300003,174.5,163.300003,172.199997,172.199997,445860
2022-03-11,2022-03-11,176.300003,176.800003,150.5,150.600006,150.600006,701390
2022-03-14,2022-03-14,141.399994,147.300003,130.699997,133.300003,133.300003,797940
2022-03-15,2022-03-15,133.5,145.990005,129.25,144.300003,144.300003,694360
2022-03-16,2022-03-16,160.0,189.399994,159.800003,189.199997,189.199997,1244030
2022-03-17,2022-03-17,180.199997,193.100006,175.199997,192.5,192.5,499550
2022-03-18,2022-03-18,193.300003,215.800003,192.100006,212.800003,212.800003,736590
2022-03-21,2022-03-21,206.5,214.699997,196.899994,208.0,208.0,554960
2022-03-22,2022-03-22,217.699997,233.5,215.199997,230.800003,230.800003,720940
2022-03-23,2022-03-23,225.0,240.800003,220.600006,226.399994,226.399994,641420
2022-03-24,2022-03-24,227.5,236.800003,217.800003,236.0,236.0,546630
2022-03-25,2022-03-25,230.899994,235.75,222.199997,233.399994,233.399994,481990
2022-03-28,2022-03-28,236.899994,247.199997,233.100006,247.0,247.0,485150
2022-03-29,2022-03-29,258.76001,262.200012,248.100006,257.700012,257.700012,541010
2022-03-30,2022-03-30,252.600006,261.299988,244.0,247.5,247.5,405140
2022-03-31,2022-03-31,244.300003,245.100006,226.199997,227.5,227.5,438510
2022-04-01,2022-04-01,238.800003,240.100006,226.199997,231.5,231.5,672290
2022-04-04,2022-04-04,238.300003,260.299988,237.0,259.600006,259.600006,561060
2022-04-05,2022-04-05,254.199997,255.100006,232.199997,235.0,235.0,685770
2022-04-06,2022-04-06,221.600006,224.300003,203.699997,210.800003,210.800003,959010
2022-04-07,2022-04-07,207.699997,212.399994,193.199997,205.600006,205.600006,569630
2022-04-08,2022-04-08,202.800003,203.600006,193.619995,194.300003,194.300003,576860
2022-04-11,2022-04-11,182.699997,187.0,176.300003,176.800003,176.800003,556710
2022-04-12,2022-04-12,186.100006,188.800003,170.300003,173.100006,173.100006,865140
2022-04-13,2022-04-13,172.300003,186.0,169.600006,183.600006,183.600006,621990
2022-04-14,2022-04-14,181.199997,182.300003,165.800003,166.100006,166.100006,609500
2022-04-18,2022-04-18,164.199997,170.300003,160.100006,167.5,167.5,514440
2022-04-19,2022-04-19,164.600006,178.0,160.5,176.399994,176.399994,598260
2022-04-20,2022-04-20,163.399994,163.699997,142.199997,144.100006,144.100006,1342420
2022-04-21,2022-04-21,151.199997,154.800003,130.449997,132.100006,132.100006,899980
2022-04-22,2022-04-22,133.800003,138.600006,123.5,124.0,124.0,1326330
2022-04-25,2022-04-25,118.599998,127.599998,117.199997,127.5,127.5,999920
2022-04-26,2022-04-26,125.0,125.0,108.5,109.199997,109.199997,1161570
2022-04-27,2022-04-27,108.5,116.400002,106.650002,109.0,109.0,1201160
2022-04-28,2022-04-28,119.0,127.0,110.5,124.800003,124.800003,1376950
2022-04-29,2022-04-29,126.800003,133.100006,113.0,113.800003,113.800003,1172760
2022-05-02,2022-05-02,112.0,124.099998,110.099998,124.0,124.0,1045840
2022-05-03,2022-05-03,123.120003,127.889999,120.5,124.400002,124.400002,1001250
2022-05-04,2022-05-04,122.0,137.899994,115.599998,136.899994,136.899994,1503750
2022-05-05,2022-05-05,128.100006,128.699997,106.400002,111.099998,111.099998,1729130
2022-05-06,2022-05-06,108.199997,111.800003,99.5,104.099998,104.099998,1498760
2022-05-09,2022-05-09,95.900002,98.75,85.099998,86.800003,86.800003,1505600
2022-05-10,2022-05-10,94.300003,95.900002,85.400002,90.400002,90.400002,1391790
2022-05-11,2022-05-11,89.300003,94.400002,78.199997,79.099998,79.099998,1815870
2022-05-12,2022-05-12,74.5,84.599998,70.0,78.400002,78.400002,2180650
2022-05-13,2022-05-13,84.0,92.099998,82.699997,90.900002,90.900002,1996320
2022-05-16,2022-05-16,90.400002,92.050003,86.410004,87.199997,87.199997,1413260
2022-05-17,2022-05-17,95.0,97.5,90.800003,96.300003,96.300003,1745270
2022-05-18,2022-05-18,91.0,92.800003,79.800003,81.0,81.0,1756190
2022-05-19,2022-05-19,79.5,86.400002,78.699997,81.699997,81.699997,1262910
2022-05-20,2022-05-20,85.300003,86.669998,72.0,79.400002,79.400002,1723680
2022-05-23,2022-05-23,79.800003,83.0,76.199997,82.800003,82.800003,994130
2022-05-24,2022-05-24,74.900002,75.099998,67.699997,71.900002,71.900002,1995290
2022-05-25,2022-05-25,70.900002,77.400002,70.900002,75.800003,75.800003,1324850
2022-05-26,2022-05-26,76.5,90.169998,76.400002,88.900002,88.900002,1972020
2022-05-27,2022-05-27,90.900002,97.300003,90.260002,97.199997,97.199997,1618570
2022-05-31,2022-05-31,101.120003,104.0,95.5,99.5,99.5,2171470
2022-06-01,2022-06-01,102.059998,106.099998,94.599998,96.900002,96.900002,2292790
2022-06-02,2022-06-02,95.0,108.099998,94.0,107.800003,107.800003,1616210
2022-06-03,2022-06-03,100.0,102.0,94.0,95.599998,95.599998,1542660
2022-06-06,2022-06-06,102.900002,106.0,96.900002,100.099998,100.099998,1425420
2022-06-07,2022-06-07,97.199997,104.900002,95.300003,104.099998,104.099998,1243600
2022-06-08,2022-06-08,105.099998,113.099998,104.400002,109.599998,109.599998,1693390
2022-06-09,2022-06-09,106.800003,110.300003,96.099998,96.400002,96.400002,1398460
2022-06-10,2022-06-10,93.300003,95.199997,85.199997,86.199997,86.199997,1517820
2022-06-13,2022-06-13,75.800003,77.650002,68.699997,69.599998,69.599998,2324330
2022-06-14,2022-06-14,72.199997,75.75,69.599998,73.099998,73.099998,2528010
2022-06-15,2022-06-15,76.699997,84.0,74.800003,81.199997,81.199997,3373530
2022-06-16,2022-06-16,72.800003,74.400002,67.900002,69.5,69.5,2206450
2022-06-17,2022-06-17,73.400002,75.800003,69.300003,72.5,72.5,2085340
2022-06-21,2022-06-21,77.300003,81.900002,76.849998,78.099998,78.099998,1680060
2022-06-22,2022-06-22,76.099998,83.25,75.5,78.099998,78.099998,1613090
2022-06-23,2022-06-23,81.099998,83.400002,77.199997,82.599998,82.599998,2310660
2022-06-24,2022-06-24,86.0,93.699997,85.300003,93.199997,93.199997,2226200
2022-06-27,2022-06-27,96.169998,96.870003,90.5,92.300003,92.300003,1391810
2022-06-28,2022-06-28,92.5,94.900002,81.650002,81.800003,81.800003,2007360
2022-06-29,2022-06-29,81.300003,83.599998,77.900002,81.300003,81.300003,1165060
2022-06-30,2022-06-30,78.199997,80.300003,72.199997,76.5,76.5,2021950
2022-07-01,2022-07-01,76.300003,78.900002,74.0,78.400002,78.400002,1322000
2022-07-05,2022-07-05,75.599998,85.800003,72.900002,85.400002,85.400002,2079830
2022-07-06,2022-07-06,85.0,87.699997,80.800003,85.900002,85.900002,1804410
2022-07-07,2022-07-07,87.0,94.0,86.800003,93.300003,93.300003,1516460
2022-07-08,2022-07-08,89.400002,95.699997,88.849998,92.699997,92.699997,1551100
2022-07-11,2022-07-11,88.0,88.099998,79.400002,80.0,80.0,1524470
2022-07-12,2022-07-12,81.400002,82.800003,76.309998,77.699997,77.699997,1414510
2022-07-13,2022-07-13,72.5,80.099998,71.900002,78.0,78.0,1936050
2022-07-14,2022-07-14,76.199997,77.300003,72.5,76.5,76.5,1506160
2022-07-15,2022-07-15,78.099998,80.599998,75.400002,80.599998,80.599998,1325580
2022-07-18,2022-07-18,84.800003,88.150002,79.800003,80.800003,80.800003,1983340
2022-07-19,2022-07-19,84.300003,89.050003,80.699997,88.699997,88.699997,1742300
2022-07-20,2022-07-20,90.599998,95.800003,88.800003,94.699997,94.699997,1808770
2022-07-21,2022-07-21,95.5,101.5,93.5,101.300003,101.300003,1638790
2022-07-22,2022-07-22,98.5,101.099998,90.699997,92.599998,92.599998,1454030
2022-07-25,2022-07-25,92.5,93.75,88.199997,89.099998,89.099998,898150
2022-07-26,2022-07-26,89.0,89.5,82.099998,83.199997,83.199997,893150
2022-07-27,2022-07-27,88.449997,97.5,87.099998,96.199997,96.199997,1605130
2022-07-28,2022-07-28,95.699997,97.489998,88.900002,96.699997,96.699997,1487350
2022-07-29,2022-07-29,96.540001,101.300003,94.349998,100.0,100.0,1117850
2022-08-01,2022-08-01,98.300003,104.5,96.300003,100.300003,100.300003,1386200
2022-08-02,2022-08-02,96.0,104.800003,95.800003,99.599998,99.599998,1501580
2022-08-03,2022-08-03,100.900002,109.5,100.389999,108.5,108.5,1417940
2022-08-04,2022-08-04,111.199997,113.699997,107.5,111.900002,111.900002,1424320
2022-08-05,2022-08-05,105.300003,109.900002,102.900002,105.5,105.5,1381640
2022-08-08,2022-08-08,104.599998,111.0,101.800003,103.699997,103.699997,1341570
2022-08-09,2022-08-09,101.400002,102.099998,97.699997,100.199997,100.199997,905890
2022-08-10,2022-08-10,108.300003,111.099998,104.5,110.900002,110.900002,1395460
2022-08-11,2022-08-11,113.800003,118.199997,108.099998,109.099998,109.099998,1215220
2022-08-12,2022-08-12,110.699997,116.800003,109.400002,116.599998,116.599998,941780
2022-08-15,2022-08-15,115.0,119.800003,113.699997,118.599998,118.599998,761660
2022-08-16,2022-08-16,117.099998,119.400002,112.599998,116.300003,116.300003,904180
2022-08-17,2022-08-17,112.400002,114.790001,108.5,110.699997,110.699997,1042570
2022-08-18,2022-08-18,110.400002,113.300003,107.199997,111.400002,111.400002,864400
2022-08-19,2022-08-19,108.0,109.190002,102.400002,104.199997,104.199997,887820
2022-08-22,2022-08-22,99.199997,99.790001,94.800003,95.599998,95.599998,939280
2022-08-23,2022-08-23,95.199997,98.699997,93.5,96.099998,96.099998,804380
2022-08-24,2022-08-24,94.800003,101.800003,94.400002,99.099998,99.099998,760050
2022-08-25,2022-08-25,101.900002,108.0,100.599998,108.0,108.0,913250
2022-08-26,2022-08-26,109.199997,110.699997,94.099998,94.300003,94.300003,1665450
2022-08-29,2022-08-29,91.900002,96.160004,90.099998,91.300003,91.300003,872610
2022-08-30,2022-08-30,93.099998,93.769997,82.699997,85.599998,85.599998,1460810
2022-08-31,2022-08-31,90.300003,92.75,86.300003,86.400002,86.400002,1571170
2022-09-01,2022-09-01,83.470001,86.690002,79.040001,86.300003,86.300003,1606500
2022-09-02,2022-09-02,88.0,88.349998,80.0,81.300003,81.300003,1475960
2022-09-06,2022-09-06,80.800003,81.099998,75.400002,77.699997,77.699997,1701230
2022-09-07,2022-09-07,77.800003,83.800003,77.199997,83.199997,83.199997,1176410
2022-09-08,2022-09-08,79.699997,84.400002,78.790001,83.300003,83.300003,1720420
2022-09-09,2022-09-09,85.879997,90.599998,85.879997,90.199997,90.199997,1244220
2022-09-12,2022-09-12,91.400002,94.199997,90.599998,94.099998,94.099998,1572130
2022-09-13,2022-09-13,84.099998,85.199997,75.300003,75.800003,75.800003,2041360
2022-09-14,2022-09-14,76.5,78.199997,74.050003,77.400002,77.400002,1236970
2022-09-15,2022-09-15,77.0,80.599998,74.830002,76.300003,76.300003,1611610
2022-09-16,2022-09-16,73.0,74.800003,70.300003,74.599998,74.599998,1895980
2022-09-19,2022-09-19,72.800003,77.5,72.699997,77.5,77.5,1656910
2022-09-20,2022-09-20,75.330002,78.800003,74.150002,75.5,75.5,1484110
2022-09-21,2022-09-21,75.099998,78.699997,69.699997,69.900002,69.900002,2491700
2022-09-22,2022-09-22,69.0,70.400002,66.300003,67.599998,67.599998,1850590
2022-09-23,2022-09-23,65.099998,65.900002,60.599998,63.299999,63.299999,1793800
2022-09-26,2022-09-26,63.0,66.860001,62.099998,62.400002,62.400002,1461820
2022-09-27,2022-09-27,65.099998,67.0,60.599998,62.400002,62.400002,1748410
2022-09-28,2022-09-28,61.509998,68.900002,60.919998,68.0,68.0,1932190
2022-09-29,2022-09-29,63.799999,64.300003,58.599998,61.200001,61.200001,1907580
2022-09-30,2022-09-30,59.900002,64.699997,58.799999,59.099998,59.099998,1663960
2022-10-03,2022-10-03,59.400002,62.5,57.450001,61.200001,61.200001,1954640
2022-10-04,2022-10-04,65.5,68.050003,64.599998,66.900002,66.900002,1978570
2022-10-05,2022-10-05,64.400002,67.199997,60.900002,66.0,66.0,1724960
2022-10-06,2022-10-06,65.0,68.0,64.099998,65.400002,65.400002,1440970
2022-10-07,2022-10-07,61.200001,62.0,55.5,56.400002,56.400002,1824490
2022-10-10,2022-10-10,56.099998,56.099998,52.400002,54.400002,54.400002,1385730
2022-10-11,2022-10-11,52.299999,53.27,48.5,49.599998,49.599998,2358040
2022-10-12,2022-10-12,49.5,51.150002,48.200001,49.700001,49.700001,1735820
2022-10-13,2022-10-13,44.400002,53.5,43.299999,52.700001,52.700001,3212010
2022-10-14,2022-10-14,54.5,54.700001,46.400002,46.599998,46.599998,2066950
2022-10-17,2022-10-17,50.200001,54.200001,50.200001,53.5,53.5,2112440
2022-10-18,2022-10-18,57.900002,58.360001,51.900002,53.700001,53.700001,2765150
2022-10-19,2022-10-19,53.599998,57.049999,52.200001,53.599998,53.599998,2248790
2022-10-20,2022-10-20,52.900002,57.099998,51.799999,52.5,52.5,2096550
2022-10-21,2022-10-21,50.700001,56.189999,49.799999,56.0,56.0,2522630
2022-10-24,2022-10-24,51.900002,53.5,47.0,52.700001,52.700001,3155330
2022-10-25,2022-10-25,54.200001,57.5,54.099998,57.0,57.0,2065310
2022-10-26,2022-10-26,51.900002,57.799999,50.900002,53.5,53.5,2514990
2022-10-27,2022-10-27,49.849998,50.900002,46.900002,47.299999,47.299999,3793740
2022-10-28,2022-10-28,45.299999,48.900002,44.5,48.599998,48.599998,3253920
2022-10-31,2022-10-31,47.560001,48.509998,44.950001,46.32,46.32,1707400
2022-11-01,2022-11-01,49.049999,49.939999,44.720001,44.790001,44.790001,2194500
2022-11-02,2022-11-02,45.259998,46.549999,39.887001,39.919998,39.919998,4568100
2022-11-03,2022-11-03,38.619999,40.73,37.619999,38.07,38.07,3309500
2022-11-04,2022-11-04,42.029999,42.470001,37.91,40.740002,40.740002,4322700
2022-11-07,2022-11-07,41.790001,42.25,39.549999,41.490002,41.490002,2046100
2022-11-08,2022-11-08,41.5,42.970001,39.5,41.549999,41.549999,3086000
2022-11-09,2022-11-09,40.23,40.599998,37.145,37.34,37.34,1980500
2022-11-10,2022-11-10,43.700001,47.82,42.110001,47.700001,47.700001,3780600
2022-11-11,2022-11-11,48.139999,52.240002,46.799999,51.91,51.91,3422000
2022-11-14,2022-11-14,51.169998,54.330002,49.830002,51.900002,51.900002,2424000
2022-11-15,2022-11-15,57.700001,58.939999,54.580002,57.009998,57.009998,3836200
2022-11-16,2022-11-16,55.389999,55.650002,52.775002,53.549999,53.549999,1911700
2022-11-17,2022-11-17,49.919998,54.950001,49.75,53.68,53.68,2002800
2022-11-18,2022-11-18,54.099998,54.16,49.810001,51.200001,51.200001,1410600
2022-11-21,2022-11-21,49.860001,50.679001,47.450001,48.18,48.18,1396200
2022-11-22,2022-11-22,47.950001,50.139999,46.349998,50.049999,50.049999,2208600
2022-11-23,2022-11-23,51.0,53.490002,50.634998,53.119999,53.119999,1565500
2022-11-25,2022-11-25,51.0,51.755001,50.32,50.57,50.57,846000
2022-11-28,2022-11-28,49.169998,51.509998,48.139999,48.57,48.57,1299000
2022-11-29,2022-11-29,50.259998,50.75,48.110001,48.950001,48.950001,2118300
2022-11-30,2022-11-30,50.310001,59.700001,50.27,59.700001,59.700001,5760100
2022-12-01,2022-12-01,59.150002,61.849998,58.66,60.630001,60.630001,3246600
2022-12-02,2022-12-02,57.919998,62.889999,57.540001,62.259998,62.259998,2143100
2022-12-05,2022-12-05,61.810001,63.68,58.720001,59.759998,59.759998,1790000
2022-12-06,2022-12-06,59.650002,60.273998,54.744999,55.57,55.57,1552500
2022-12-07,2022-12-07,53.459999,55.529999,52.23,53.990002,53.990002,1604000
2022-12-08,2022-12-08,56.169998,58.400002,54.375,58.02,58.02,2345400
2022-12-09,2022-12-09,58.68,60.970001,57.669998,57.759998,57.759998,1898900
2022-12-12,2022-12-12,57.009998,57.514999,54.450001,57.5,57.5,1613700
2022-12-13,2022-12-13,65.269997,66.400002,58.720001,60.790001,60.790001,3397200
2022-12-14,2022-12-14,60.139999,62.0,56.889999,59.310001,59.310001,1678600
2022-12-15,2022-12-15,56.240002,56.900002,49.785,51.220001,51.220001,3320400
2022-12-16,2022-12-16,52.0,53.118999,49.516998,49.849998,49.849998,1611000
2022-12-19,2022-12-19,49.5,49.880001,46.049999,46.810001,46.810001,2047500
2022-12-20,2022-12-20,45.240002,47.82,44.417999,46.450001,46.450001,2030000
2022-12-21,2022-12-21,47.07,50.328999,46.200001,49.43,49.43,2430800
2022-12-22,2022-12-22,47.040001,47.400002,41.130001,43.810001,43.810001,3182200
2022-12-23,2022-12-23,42.889999,44.650002,41.459999,43.889999,43.889999,1734600
2022-12-27,2022-12-27,42.779999,42.779999,39.674,39.759998,39.759998,2596200
2022-12-28,2022-12-28,39.220001,40.790001,38.049999,38.59,38.59,2629700
2022-12-29,2022-12-29,40.509998,43.490002,39.889999,42.869999,42.869999,3743200
2022-12-30,2022-12-30,40.919998,43.299999,40.610001,43.279999,43.279999,2043100
2023-01-03,2023-01-03,44.650002,45.661999,40.0,41.130001,41.130001,2192500
2023-01-04,2023-01-04,42.349998,42.77,39.452,41.82,41.82,2183700
2023-01-05,2023-01-05,40.73,40.73,38.560001,38.73,38.73,2366600
2023-01-06,2023-01-06,38.810001,42.150002,36.639999,41.610001,41.610001,3937400
2023-01-09,2023-01-09,43.959999,47.549999,43.712002,44.790001,44.790001,5499100
2023-01-10,2023-01-10,44.09,47.0,43.939999,47.0,47.0,4266300
2023-01-11,2023-01-11,47.59,49.939999,46.889999,49.900002,49.900002,2633700
2023-01-12,2023-01-12,50.830002,52.27,46.84,51.75,51.75,3358800
2023-01-13,2023-01-13,49.560001,53.049999,49.369999,52.889999,52.889999,7217100
2023-01-17,2023-01-17,53.07,54.919998,52.02,54.389999,54.389999,2283200
2023-01-18,2023-01-18,55.75,56.82,51.830002,52.040001,52.040001,2379200
2023-01-19,2023-01-19,50.359001,51.564999,49.080002,49.77,49.77,1794700
2023-01-20,2023-01-20,52.0,56.869999,51.060001,56.75,56.75,2542900
2023-01-23,2023-01-23,58.060001,64.160004,56.964001,63.580002,63.580002,3893500
2023-01-24,2023-01-24,61.41,64.650002,61.060001,62.48,62.48,2154900
2023-01-25,2023-01-25,58.259998,62.720001,56.118,61.900002,61.900002,3009200
2023-01-26,2023-01-26,66.580002,67.774002,63.453999,67.410004,67.410004,2517400
2023-01-27,2023-01-27,66.93,74.779999,66.760002,72.919998,72.919998,3305000
2023-01-30,2023-01-30,70.199997,71.300003,65.330002,65.440002,65.440002,2380600
2023-01-31,2023-01-31,65.349998,69.540001,65.18,69.459999,69.459999,2149100
2023-02-01,2023-02-01,70.82,80.089996,69.43,78.209999,78.209999,4267500
2023-02-02,2023-02-02,88.830002,97.209999,88.099998,94.449997,94.449997,5196000
2023-02-03,2023-02-03,85.260002,96.839996,84.839996,87.139999,87.139999,3062100
2023-02-06,2023-02-06,84.889999,88.379997,83.43,84.760002,84.760002,1701300
2023-02-07,2023-02-07,84.879997,91.669998,82.635002,90.739998,90.739998,2808100
2023-02-08,2023-02-08,89.0,91.720001,84.669998,86.519997,86.519997,1571500
2023-02-09,2023-02-09,90.959999,91.43,82.800003,84.220001,84.220001,2142900
2023-02-10,2023-02-10,81.099998,83.181,76.029999,78.169998,78.169998,2203500
2023-02-13,2023-02-13,79.440002,83.980003,77.245003,82.400002,82.400002,1809900
2023-02-14,2023-02-14,80.760002,89.080002,78.684998,88.349998,88.349998,2972400
2023-02-15,2023-02-15,86.980003,89.93,84.639999,89.910004,89.910004,1835800
2023-02-16,2023-02-16,84.830002,87.927002,80.150002,80.199997,80.199997,2749900
2023-02-17,2023-02-17,77.900002,78.519997,73.614998,77.230003,77.230003,2632400
2023-02-21,2023-02-21,74.120003,76.900002,71.010002,71.059998,71.059998,1568600
2023-02-22,2023-02-22,71.0,73.699997,69.360001,71.419998,71.419998,1971000
2023-02-23,2023-02-23,76.660004,76.860001,71.190002,75.519997,75.519997,2495100
2023-02-24,2023-02-24,70.860001,71.970001,68.669998,70.82,70.82,2081800
2023-02-27,2023-02-27,73.980003,75.5,72.970001,74.010002,74.010002,1431900
2023-02-28,2023-02-28,73.940002,76.739998,73.560997,74.230003,74.230003,1175300
2023-03-01,2023-03-01,74.0,74.839996,71.190002,71.489998,71.489998,1350000
2023-03-02,2023-03-02,66.330002,70.449997,65.400002,69.559998,69.559998,1968300
2023-03-03,2023-03-03,71.279999,76.209999,70.849998,76.0,76.0,2564900
2023-03-06,2023-03-06,77.389999,79.781998,75.117996,75.209999,75.209999,1905700
2023-03-07,2023-03-07,75.599998,77.849998,72.419998,73.330002,73.330002,2377400
2023-03-08,2023-03-08,73.120003,75.459999,71.449997,75.059998,75.059998,1578700
2023-03-09,2023-03-09,75.010002,78.143997,68.620003,69.309998,69.309998,2637900
2023-03-10,2023-03-10,69.529999,71.099998,64.830002,66.050003,66.050003,4609000
2023-03-13,2023-03-13,63.59,71.010002,61.200001,67.940002,67.940002,4284600
2023-03-14,2023-03-14,71.440002,75.910004,71.32,75.68,75.68,3466100
2023-03-15,2023-03-15,73.139999,79.0,71.852997,78.510002,78.510002,3922500
2023-03-16,2023-03-16,78.169998,87.25,77.25,87.010002,87.010002,3366500
2023-03-17,2023-03-17,87.589996,89.209999,82.889999,84.620003,84.620003,2308500
2023-03-20,2023-03-20,83.139999,84.811996,79.629997,84.550003,84.550003,1899800
2023-03-21,2023-03-21,87.209999,90.955002,85.290001,90.330002,90.330002,2173000
2023-03-22,2023-03-22,90.300003,96.612,86.339996,86.5,86.5,2924500
2023-03-23,2023-03-23,91.550003,96.199997,89.239998,92.860001,92.860001,2611500
2023-03-24,2023-03-24,91.887001,92.839996,88.75,92.110001,92.110001,1524400
2023-03-27,2023-03-27,93.0,94.199997,87.721001,89.110001,89.110001,1868300
2023-03-28,2023-03-28,88.230003,88.610001,84.019997,86.599998,86.599998,1425500
2023-03-29,2023-03-29,90.309998,92.260002,88.889999,91.82,91.82,1972500
2023-03-30,2023-03-30,94.190002,96.720001,93.620003,95.699997,95.699997,1697100
2023-03-31,2023-03-31,95.5,103.580002,95.139999,103.459999,103.459999,2204600
2023-04-03,2023-04-03,99.290001,101.089996,97.150002,100.580002,100.580002,2069100
2023-04-04,2023-04-04,101.419998,103.699997,99.669998,101.18,101.18,2169700
2023-04-05,2023-04-05,99.160004,99.489998,91.879997,94.239998,94.239998,2416800
2023-04-06,2023-04-06,92.050003,97.050003,89.660004,96.669998,96.669998,2409000
2023-04-10,2023-04-10,92.760002,97.153999,90.470001,96.93,96.93,1954900
2023-04-11,2023-04-11,95.480003,96.169998,91.93,92.779999,92.779999,2013400
2023-04-12,2023-04-12,95.029999,95.849998,89.019997,89.190002,89.190002,3211900
2023-04-13,2023-04-13,92.010002,96.389999,91.870003,95.550003,95.550003,2599900
2023-04-14,2023-04-14,93.720001,96.879997,91.639999,95.349998,95.349998,2854800
2023-04-17,2023-04-17,93.5,95.230003,90.989998,94.589996,94.589996,2215600
2023-04-18,2023-04-18,97.360001,97.988998,93.150002,94.559998,94.559998,2254700
2023-04-19,2023-04-19,90.550003,94.720001,90.129997,93.5,93.5,2506000
2023-04-20,2023-04-20,89.0,92.830002,87.910004,89.330002,89.330002,2599400
2023-04-21,2023-04-21,89.580002,90.931999,87.333,90.32,90.32,2375100
2023-04-24,2023-04-24,90.129997,91.940002,86.246002,88.839996,88.839996,2047300
2023-04-25,2023-04-25,87.010002,87.190002,81.639999,81.769997,81.769997,2712900
2023-04-26,2023-04-26,87.650002,89.779999,85.949997,86.470001,86.470001,3160400
2023-04-27,2023-04-27,92.379997,96.690002,90.669998,96.239998,96.239998,2933000
2023-04-28,2023-04-28,95.010002,97.657997,91.980003,97.599998,97.599998,2941000
2023-05-01,2023-05-01,97.300003,98.32,94.389999,97.019997,97.019997,2150400
2023-05-02,2023-05-02,96.75,98.0,92.809998,94.599998,94.599998,2499700
2023-05-03,2023-05-03,92.349998,95.940002,90.559998,91.080002,91.080002,2978300
2023-05-04,2023-05-04,91.43,96.669998,91.0,93.519997,93.519997,2251100
2023-05-05,2023-05-05,94.870003,100.500999,94.199997,99.230003,99.230003,3644700
2023-05-08,2023-05-08,100.099998,104.559998,99.279999,104.059998,104.059998,2378500
2023-05-09,2023-05-09,102.540001,104.517998,102.360001,103.230003,103.230003,1751700
2023-05-10,2023-05-10,107.0,110.603996,105.599998,109.099998,109.099998,3778700
2023-05-11,2023-05-11,110.419998,113.315002,109.019997,112.18,112.18,2590900
2023-05-12,2023-05-12,112.75,113.699997,106.32,108.550003,108.550003,2804700
2023-05-15,2023-05-15,109.160004,111.620003,107.32,111.059998,111.059998,2643100
2023-05-16,2023-05-16,109.769997,116.519997,109.769997,114.110001,114.110001,1596900
2023-05-17,2023-05-17,115.359001,121.07,114.879997,120.440002,120.440002,2736800
2023-05-18,2023-05-18,122.470001,133.330002,122.379997,132.889999,132.889999,3540700
2023-05-19,2023-05-19,132.0,132.785004,127.400002,128.929993,128.929993,3379500
2023-05-22,2023-05-22,127.82,134.270004,127.620003,132.029999,132.029999,2777200
2023-05-23,2023-05-23,129.169998,133.787003,126.610001,126.910004,126.910004,3148200
2023-05-24,2023-05-24,123.580002,129.570007,123.099998,128.050003,128.050003,3730500
2023-05-25,2023-05-25,138.479996,139.990005,133.873001,137.350006,137.350006,3024900
2023-05-26,2023-05-26,138.070007,152.399994,137.350006,150.509995,150.509995,4058900
2023-05-30,2023-05-30,160.490005,162.580002,154.149994,157.380005,157.380005,3743500
2023-05-31,2023-05-31,153.270004,159.380005,149.910004,153.360001,153.360001,3226700
2023-06-01,2023-06-01,152.479996,164.710999,151.264008,162.089996,162.089996,2463100
2023-06-02,2023-06-02,166.660004,172.440002,163.410004,165.570007,165.570007,2937100
2023-06-05,2023-06-05,164.210007,173.169998,164.199997,168.440002,168.440002,1635000
2023-06-06,2023-06-06,167.380005,173.5,165.559998,171.380005,171.380005,1446400
2023-06-07,2023-06-07,174.009995,178.5,154.953995,156.729996,156.729996,3871400
2023-06-08,2023-06-08,156.199997,166.559998,154.690002,165.839996,165.839996,2192000
2023-06-09,2023-06-09,171.809998,177.279999,168.139999,170.059998,170.059998,3052300
2023-06-12,2023-06-12,174.449997,179.710007,171.080002,179.539993,179.539993,1926100
2023-06-13,2023-06-13,185.830002,186.960007,178.0,184.089996,184.089996,2143300
2023-06-14,2023-06-14,184.300003,192.110001,180.440002,191.759995,191.759995,3642600
2023-06-15,2023-06-15,187.5,201.179993,185.199997,197.990005,197.990005,2072600
2023-06-16,2023-06-16,203.509995,203.509995,189.710007,190.699997,190.699997,2149400
2023-06-20,2023-06-20,188.0,195.315002,185.117996,193.210007,193.210007,1788800
2023-06-21,2023-06-21,192.389999,193.630005,176.800003,178.940002,178.940002,2987600
2023-06-22,2023-06-22,174.639999,186.979996,173.720001,186.789993,186.789993,2235600
2023-06-23,2023-06-23,179.610001,187.330002,176.820007,182.619995,182.619995,2117800
2023-06-26,2023-06-26,182.0,187.494995,166.020004,166.509995,166.509995,2117100
2023-06-27,2023-06-27,170.990005,178.449997,167.300003,177.009995,177.009995,1954400
2023-06-28,2023-06-28,174.059998,187.770004,174.059998,182.029999,182.029999,2957800
2023-06-29,2023-06-29,183.380005,184.979996,175.699997,177.710007,177.710007,1982800
2023-06-30,2023-06-30,184.300003,191.0,183.570007,187.210007,187.210007,2574300
2023-07-03,2023-07-03,191.039993,194.460007,188.779999,191.919998,191.919998,1040100
2023-07-05,2023-07-05,190.339996,196.389999,190.070007,192.910004,192.910004,1701000
2023-07-06,2023-07-06,186.720001,189.880005,181.5,188.460007,188.460007,1832700
2023-07-07,2023-07-07,189.369995,194.559998,186.100006,186.529999,186.529999,1839400
2023-07-10,2023-07-10,185.330002,186.479996,174.725006,181.869995,181.869995,1986900
2023-07-11,2023-07-11,181.979996,184.570007,177.679993,183.729996,183.729996,1434000
2023-07-12,2023-07-12,191.149994,195.080002,187.440002,193.169998,193.169998,2519700
2023-07-13,2023-07-13,200.0,209.699997,199.360001,208.690002,208.690002,1790000
2023-07-14,2023-07-14,210.110001,219.279999,204.201996,206.729996,206.729996,2076000
2023-07-17,2023-07-17,210.0,214.990005,207.100006,213.660004,213.660004,1482600
2023-07-18,2023-07-18,213.539993,224.75,206.699997,222.0,222.0,1956500
2023-07-19,2023-07-19,227.240005,228.0,218.710007,221.029999,221.029999,1957000
2023-07-20,2023-07-20,209.059998,211.309998,188.0,190.220001,190.220001,2634100
